Cryptocurrency,Market Trend,Current Price (USD),Predicted Price (USD),Market Sentiment,Investment Opportunity,Risk Level,Strategic Advice,Date,Trading Volume,Market Cap
Avalanche (AVAX),Bullish,56.21,78.94,Positive,Decentralized Finance,Medium,Invest gradually, stay updated with technological advancements,2024-07-21,658074624.97,64936178213.84
Chainlink (LINK),Volatile,7.89,12.35,Neutral,Smart Contracts Growth,Low,Use for diversification, follow market cycles,2024-07-22,420038871.55,3176391994.04
Cardano (ADA),Emerging,0.52,1.24,Positive,Interoperability,Medium,Monitor regulatory developments,2024-07-23,374679309.55,349847072.26
Tron (TRX),Bearish,0.06,0.11,Negative,Cross-border Payments,High,Diversify investments, monitor market trends,2024-07-24,906065278.11,42569077.64
Apecoin (APE),Volatile,5.27,8.91,Positive,NFTs and Gaming,High,Focus on undervalued assets,2024-07-25,668026278.38,5399894537.20
Polygon (MATIC),Bullish,1.12,1.78,Positive,Eco-friendly Blockchain,Low,Research partnerships, consider long-term hold,2024-07-26,682483239.12,1237149393.14
Cronos (CRO),Volatile,0.13,0.21,Neutral,Decentralized Finance,Medium,Invest early, keep track of project developments,2024-07-27,29660106.27,1989726.64
Decentraland (MANA),Bearish,0.62,0.94,Negative,High Potential,Medium,Monitor regulatory developments,2024-07-28,300564488.07,213330240.66
Basic Attention Token (BAT),Emerging,0.39,0.67,Positive,Interoperability,Low,Focus on undervalued assets,2024-07-29,235598587.49,73670543.84
Bitcoin (BTC),Volatile,28450.00,33750.00,Neutral,Digital Silver,Low,Use for diversification, follow market cycles,2024-07-30,510028941.10,11815301609541.87
Binance Coin (BNB),Bullish,320.45,385.72,Positive,Cross-border Payments,Medium,Invest gradually, stay updated with technological advancements,2024-07-31,315776693.59,63468640403.76
Litecoin (LTC),Bearish,92.17,105.38,Negative,High Potential,Low,Diversify investments, monitor market trends,2024-08-01,237236334.67,40881558287.65
Uniswap (UNI),Volatile,6.11,9.27,Positive,Decentralized Finance,Medium,Focus on undervalued assets,2024-08-02,2513483.57,28278565.35
Solana (SOL),Emerging,22.58,35.62,Neutral,Smart Contracts Growth,High,Monitor regulatory developments,2024-08-03,430948483.94,11943876909.73
XRP (XRP),Bearish,0.41,0.53,Negative,Cross-border Payments,Medium,Invest early, keep track of project developments,2024-08-04,728713143.11,239757344.90
Stellar (XLM),Volatile,0.11,0.17,Positive,Interoperability,Low,Research partnerships, consider long-term hold,2024-08-05,404187194.86,53942787.99
Dogecoin (DOGE),Bullish,0.08,0.12,Positive,Digital Silver,High,Use for diversification, follow market cycles,2024-08-06,408294231.30,53854728.18
Tezos (XTZ),Volatile,1.83,2.57,Neutral,Smart Contracts Growth,Medium,Invest gradually, stay updated with technological advancements,2024-08-07,308687650.33,1104236556.60
Cosmos (ATOM),Emerging,11.42,16.95,Positive,Interoperability,Low,Focus on undervalued assets,2024-08-08,25890565.64,534473879.88
Monero (XMR),Bearish,158.74,192.36,Negative,Digital Silver,High,Diversify investments, monitor market trends,2024-08-09,22707079.19,2911676062.20
Dai (DAI),Stable,1.00,1.00,Neutral,Decentralized Finance,Low,Use for diversification, follow market cycles,2024-08-10,609144624.65,440690372.20
Zcash (ZEC),Volatile,53.21,68.94,Positive,High Potential,Medium,Monitor regulatory developments,2024-08-11,450859725.60,32672438779.28
EOS (EOS),Bullish,1.14,1.68,Positive,Interoperability,Low,Invest early, keep track of project developments,2024-08-12,949213477.84,665282494.40
Filecoin (FIL),Bearish,5.79,8.25,Negative,Cross-border Payments,Medium,Focus on undervalued assets,2024-08-13,960057939.28,7261901684.02
TRON (TRX),Volatile,0.06,0.09,Neutral,Decentralized Finance,High,Invest gradually, stay updated with technological advancements,2024-08-14,425515283.07,46253437.51
Wrapped Bitcoin (WBTC),Stable,28420.00,28420.00,Neutral,Digital Silver,Low,Use for diversification, follow market cycles,2024-08-15,168359819.21,7480549917105.03
Fantom (FTM),Emerging,0.41,0.67,Positive,Decentralized Finance,Medium,Monitor regulatory developments,2024-08-16,914971801.89,509385840.95
Hedera Hashgraph (HBAR),Bearish,0.07,0.11,Negative,Interoperability,High,Diversify investments, monitor market trends,2024-08-17,435548158.34,40670606.64
Theta Network (THETA),Volatile,1.14,1.68,Positive,NFTs and Gaming,High,Focus on undervalued assets,2024-08-18,412735152.97,617259016.03
Polkadot (DOT),Bullish,5.27,8.15,Positive,Interoperability,Medium,Invest gradually as adoption increases,2024-08-18,822150237.48,7129692478.81
