Cryptocurrency,Market Trend,Current Price (USD),Predicted Price (USD),Market Sentiment,Investment Opportunity,Risk Level,Strategic Advice
The Graph (GRT),Volatile,6953.03,35752.8,Positive,Interoperability,Medium,"Invest early, keep track of project developments"
Compound (COMP),Volatile,51786.34,29219.35,Neutral,Digital silver,Low,"Use for diversification, follow market cycles"
EOS (EOS),Volatile,37398.26,15548.32,Positive,Interoperability,Medium,"Invest gradually, stay updated with technological advancements"
Enjin Coin (ENJ),Volatile,19854.55,8391.46,Positive,Interoperability,High,Monitor regulatory developments
Polkadot (DOT),Emerging,3814.44,23633.72,Negative,Interoperability,Low,"Diversify investments, monitor market trends"
Maker (MKR),Stable,18659.63,66003.74,Neutral,NFTs and gaming,Low,"Use for diversification, follow market cycles"
The Graph (GRT),Bullish,19511.67,22624.88,Neutral,Cross-border payments,Low,"Invest early, keep track of project developments"
IOTA (MIOTA),Volatile,43776.64,36315.82,Negative,High potential,Low,"Use for diversification, follow market cycles"
Zcash (ZEC),Bearish,38253.81,49211.62,Negative,Interoperability,Medium,"Diversify investments, monitor market trends"
Stellar (XLM),Volatile,53232.88,25454.71,Neutral,High potential,Low,Focus on undervalued assets
Stellar (XLM),Bearish,28333.42,68024.77,Neutral,Interoperability,High,Focus on undervalued assets
THETA (THETA),Bearish,7176.54,67371.35,Negative,Digital silver,High,"Use for diversification, follow market cycles"
Filecoin (FIL),Volatile,42794.97,17625.51,Positive,Cross-border payments,Low,"Research partnerships, consider long-term hold"
Ren (REN),Emerging,45647.34,34807.9,Positive,Cross-border payments,High,Monitor regulatory developments
THETA (THETA),Bearish,33677.07,21062.18,Negative,Decentralized finance,Low,Monitor regulatory developments
Ripple (XRP),Bearish,46258.26,19939.55,Positive,NFTs and gaming,Low,"Use for diversification, follow market cycles"
Dash (DASH),Volatile,29628.24,2583.05,Negative,Decentralized finance,High,"Invest gradually, stay updated with technological advancements"
Ethereum (ETH),Bearish,31364.45,42669.89,Positive,Decentralized finance,Low,"Invest gradually, stay updated with technological advancements"
THETA (THETA),Bearish,25653.03,35188.03,Positive,Decentralized finance,High,Monitor regulatory developments
Zilliqa (ZIL),Volatile,1526.12,3604.46,Neutral,Decentralized finance,Medium,Monitor regulatory developments
Kusama (KSM),Volatile,6474.38,19505.97,Neutral,Decentralized finance,Low,Focus on undervalued assets
Curve DAO (CRV),Bullish,1886.72,63578.7,Positive,Eco-friendly blockchain,Medium,"Research partnerships, consider long-term hold"
Ethereum (ETH),Emerging,38184.99,16770.09,Positive,Cross-border payments,High,"Diversify investments, monitor market trends"
Maker (MKR),Emerging,18862.04,10143.5,Neutral,Decentralized finance,Medium,"Invest gradually, stay updated with technological advancements"
Elrond (EGLD),Bearish,30514.73,34262.2,Neutral,Interoperability,Medium,Monitor regulatory developments
VeChain (VET),Emerging,54454.08,68995.55,Neutral,Cross-border payments,High,Focus on undervalued assets
Dash (DASH),Bearish,14958.28,16944.63,Negative,Cross-border payments,Medium,"Invest early, keep track of project developments"
Zilliqa (ZIL),Bullish,24623.56,47049.82,Positive,Smart contracts growth,Medium,Focus on undervalued assets
Bitcoin Cash (BCH),Volatile,45333.31,53313.61,Neutral,Eco-friendly blockchain,High,"Invest gradually, stay updated with technological advancements"
Band Protocol (BAND),Volatile,13728.66,16635.39,Positive,Decentralized finance,Medium,"Invest gradually, stay updated with technological advancements"
Algorand (ALGO),Volatile,4619.72,50975.42,Negative,High potential,High,Focus on undervalued assets
Chiliz (CHZ),Emerging,17385.8,25745.45,Negative,Digital silver,Medium,"Diversify investments, monitor market trends"
SushiSwap (SUSHI),Bullish,9674.12,44261.78,Neutral,NFTs and gaming,High,"Use for diversification, follow market cycles"
Tezos (XTZ),Emerging,55781.93,44347.45,Negative,Interoperability,High,"Invest gradually, stay updated with technological advancements"
EOS (EOS),Emerging,48487.41,37504.69,Positive,High potential,Medium,Focus on undervalued assets
Celo (CELO),Bullish,38004.59,6321.19,Neutral,Eco-friendly blockchain,Medium,Monitor regulatory developments
Zilliqa (ZIL),Bullish,52287.76,58471.34,Positive,Digital silver,Medium,Focus on undervalued assets
Ripple (XRP),Bullish,48220.52,22455.28,Positive,Eco-friendly blockchain,Low,"Research partnerships, consider long-term hold"
Yearn.Finance (YFI),Bullish,11195.02,13057.11,Negative,Interoperability,Low,"Use for diversification, follow market cycles"
Solana (SOL),Volatile,53553.65,2855.22,Negative,Cross-border payments,Low,"Invest early, keep track of project developments"
Maker (MKR),Stable,32361.0,41362.92,Negative,Digital silver,High,"Diversify investments, monitor market trends"
Dogecoin (DOGE),Stable,48446.6,47429.83,Negative,Cross-border payments,Medium,"Invest early, keep track of project developments"
The Graph (GRT),Bullish,53765.58,1162.13,Negative,Interoperability,High,"Use for diversification, follow market cycles"
Cosmos (ATOM),Stable,19080.89,35847.0,Neutral,High potential,Low,"Use for diversification, follow market cycles"
Litecoin (LTC),Stable,6604.01,15855.48,Positive,Interoperability,Medium,"Use for diversification, follow market cycles"
Bitcoin Cash (BCH),Bullish,13676.88,45162.45,Positive,High potential,High,"Invest early, keep track of project developments"
Monero (XMR),Stable,25627.04,12206.48,Positive,Digital silver,Medium,Monitor regulatory developments
Dogecoin (DOGE),Emerging,49081.07,48365.95,Positive,Digital silver,High,"Use for diversification, follow market cycles"
Uniswap (UNI),Bearish,51643.97,27072.09,Negative,Decentralized finance,Medium,Focus on undervalued assets
Ethereum (ETH),Bearish,418.12,65571.16,Positive,Eco-friendly blockchain,Low,"Invest early, keep track of project developments"
